{
    "car": {
        "limits": {
            "maxDDelta": 4.0,
            "maxDelta": 0.35,
            "maxF": 5.0
        },
        "mainCamera": {
            "fov": 1.5707963705062866,
            "imageHeight": 1544,
            "imageWidth": 2064,
            "pose": {
                "position": [
                    0.0,
                    0.25999999046325684,
                    0.10999999940395355
                ],
                "rotation": [
                    -4.3471935384786775e-08,
                    4.569084666172785e-09,
                    0.9945219159126282,
                    0.10452846437692642
                ],
                "scale": [
                    1.0,
                    1.0,
                    1.0
                ]
            }
        },
        "modelPose": {
            "position": [
                -0.06734508275985718,
                0.0,
                -8.97099494934082
            ],
            "rotation": [
                1.0,
                0.0,
                0.0,
                0.0
            ],
            "scale": [
                1.0,
                1.0,
                1.0
            ]
        },
        "simulatorState": {
            "dPsi": 0.0,
            "delta": 0.0,
            "psi": 0.0,
            "v": 0.0,
            "vLat": 0.0,
            "vLon": 0.0,
            "x1": -8.97099494934082,
            "x2": -0.06734508275985718
        },
        "systemParams": {
            "axesDistance": 0.225,
            "axesMomentRatio": 0.5,
            "distCogToFrontAxle": 0.1125,
            "distCogToRearAxle": 0.1125,
            "inertia": 0.042,
            "mass": 3.875
        },
        "wheels": {
            "bFront": 1.0,
            "bRear": 1.0,
            "cFront": 1.9,
            "cRear": 1.9,
            "dFront": 12.0,
            "dRear": 12.0,
            "kFront": 10.0,
            "kRear": 10.0,
            "usePacejkaModel": true
        }
    },
    "fpsCamera": {
        "aspectRatio": 1.3333333730697632,
        "fov": 0.942477822303772,
        "pitch": 0.5099343657493591,
        "pose": {
            "position": [
                -8.185874938964844,
                5.30012845993042,
                -7.401114463806152
            ],
            "rotation": [
                -0.4915768802165985,
                0.12812446057796478,
                0.8335109353065491,
                0.21724607050418854
            ],
            "scale": [
                1.0,
                1.0,
                1.0
            ]
        },
        "yaw": -4.207314491271973
    },
    "items": [
        {
            "pose": {
                "position": [
                    -0.08229508996009827,
                    0.0,
                    -5.258485317230225
                ],
                "rotation": [
                    -4.371138828673793e-08,
                    0.0,
                    1.0,
                    -0.0
                ],
                "scale": [
                    1.0,
                    1.0,
                    1.0
                ]
            },
            "type": 6
        },
        {
            "pose": {
                "position": [
                    -0.09385429322719574,
                    0.0,
                    -1.9437748193740845
                ],
                "rotation": [
                    -4.371138828673793e-08,
                    0.0,
                    1.0,
                    -0.0
                ],
                "scale": [
                    1.0,
                    1.0,
                    1.0
                ]
            },
            "type": 7
        },
        {
            "pose": {
                "position": [
                    -0.06865072250366211,
                    0.0,
                    -3.416013240814209
                ],
                "rotation": [
                    -4.371138828673793e-08,
                    0.0,
                    1.0,
                    -0.0
                ],
                "scale": [
                    1.0,
                    1.0,
                    1.0
                ]
            },
            "type": 8
        },
        {
            "pose": {
                "position": [
                    -0.07991430163383484,
                    0.0,
                    0.9162962436676025
                ],
                "rotation": [
                    -4.371138828673793e-08,
                    0.0,
                    1.0,
                    -0.0
                ],
                "scale": [
                    1.0,
                    1.0,
                    1.0
                ]
            },
            "type": 10
        },
        {
            "pose": {
                "position": [
                    -0.08731111884117126,
                    0.0,
                    6.603113651275635
                ],
                "rotation": [
                    -4.371138828673793e-08,
                    0.0,
                    1.0,
                    -0.0
                ],
                "scale": [
                    1.0,
                    1.0,
                    1.0
                ]
            },
            "type": 11
        },
        {
            "pose": {
                "position": [
                    -0.08008348941802979,
                    0.0,
                    5.241349220275879
                ],
                "rotation": [
                    -4.371138828673793e-08,
                    0.0,
                    1.0,
                    -0.0
                ],
                "scale": [
                    1.0,
                    1.0,
                    1.0
                ]
            },
            "type": 12
        },
        {
            "pose": {
                "position": [
                    -0.06308260560035706,
                    0.0,
                    -0.6529322862625122
                ],
                "rotation": [
                    -4.371138828673793e-08,
                    0.0,
                    1.0,
                    -0.0
                ],
                "scale": [
                    1.0,
                    1.0,
                    1.0
                ]
            },
            "type": 13
        },
        {
            "pose": {
                "position": [
                    -0.07932156324386597,
                    0.0,
                    2.51396107673645
                ],
                "rotation": [
                    -4.371138828673793e-08,
                    0.0,
                    1.0,
                    -0.0
                ],
                "scale": [
                    1.0,
                    1.0,
                    1.0
                ]
            },
            "type": 14
        },
        {
            "pose": {
                "position": [
                    -0.07263517379760742,
                    0.0,
                    -7.453978538513184
                ],
                "rotation": [
                    -4.371138828673793e-08,
                    0.0,
                    1.0,
                    -0.0
                ],
                "scale": [
                    1.0,
                    1.0,
                    1.0
                ]
            },
            "type": 9
        },
        {
            "pose": {
                "position": [
                    -0.07874822616577148,
                    0.0,
                    8.556697845458984
                ],
                "rotation": [
                    1.0,
                    0.0,
                    0.0,
                    0.0
                ],
                "scale": [
                    1.0,
                    1.0,
                    1.0
                ]
            },
            "type": 26
        }
    ],
    "paused": false,
    "rules": {
        "exitIfGiveWayLineIgnored": false,
        "exitIfLeftArrowIgnored": false,
        "exitIfNotOnTrack": true,