{
    "car": {
        "limits": {
            "maxDDelta": 4.0,
            "maxDelta": 0.35,
            "maxF": 5.0
        },
        "mainCamera": {
            "fov": 1.5707963705062866,
            "imageHeight": 1544,
            "imageWidth": 2064,
            "pose": {
                "position": [
                    0.0,
                    0.25999999046325684,
                    0.10999999940395355
                ],
                "rotation": [
                    -4.3471935384786775e-08,
                    4.569084666172785e-09,
                    0.9945219159126282,
                    0.10452846437692642
                ],
                "scale": [
                    1.0,
                    1.0,
                    1.0
                ]
            }
        },
        "modelPose": {
            "position": [
                -0.06734508275985718,
                0.0,
                -8.97099494934082
            ],
            "rotation": [
                1.0,
                0.0,
                0.0,
                0.0
            ],
            "scale": [
                1.0,
                1.0,
                1.0
            ]
        },
        "simulatorState": {
            "dPsi": 0.0,
            "delta": 0.0,
            "psi": 0.0,
            "v": 0.0,
            "vLat": 0.0,
            "vLon": 0.0,
            "x1": -8.97099494934082,
            "x2": -0.06734508275985718
        },
        "systemParams": {
            "axesDistance": 0.225,
            "axesMomentRatio": 0.5,
            "distCogToFrontAxle": 0.1125,
            "distCogToRearAxle": 0.1125,
            "inertia": 0.042,
            "mass": 3.875
        },
        "wheels": {
            "bFront": 1.0,
            "bRear": 1.0,
            "cFront": 1.9,
            "cRear": 1.9,
            "dFront": 12.0,
            "dRear": 12.0,
            "kFront": 10.0,
            "kRear": 10.0,
            "usePacejkaModel": true
        }
    },
    "fpsCamera": {
        "aspectRatio": 1.3333333730697632,
        "fov": 0.942477822303772,
        "pitch": 0.7599391341209412,
        "pose": {
            "position": [
                -7.565977096557617,
                8.584212303161621,
                -6.8889031410217285
            ],
            "rotation": [
                -0.45355644822120667,
                0.18114019930362701,
                0.810386061668396,
                0.32364988327026367
            ],
            "scale": [
                1.0,
                1.0,
                1.0
            ]
        },
        "yaw": -4.162081241607666
    },
    "items": [
        {
            "pose": {
                "position": [
                    -0.06865072250366211,
                    0.0,
                    -3.882117748260498
                ],
                "rotation": [
                    -4.371138828673793e-08,
                    0.0,
                    1.0,
                    -0.0
                ],
                "scale": [
                    1.0,
                    1.0,
                    1.0
                ]
            },
            "type": 8
        },
        {
            "pose": {
                "position": [
                    -0.08008348941802979,
                    0.0,
                    5.309789657592773
                ],
                "rotation": [
                    -4.371138828673793e-08,
                    0.0,
                    1.0,
                    -0.0
                ],
                "scale": [
                    1.0,
                    1.0,
                    1.0
                ]
            },
            "type": 12
        },
        {
            "pose": {
                "position": [
                    -0.06308260560035706,
                    0.0,
                    -0.6529322862625122
                ],
                "rotation": [
                    -4.371138828673793e-08,
                    0.0,
                    1.0,
                    -0.0
                ],
                "scale": [
                    1.0,
                    1.0,
                    1.0
                ]
            },
            "type": 13
        },
        {
            "pose": {
                "position": [
                    -0.07932156324386597,
                    0.0,
                    2.51396107673645
                ],
                "rotation": [
                    -4.371138828673793e-08,
                    0.0,
                    1.0,
                    -0.0
                ],
                "scale": [
                    1.0,
                    1.0,
                    1.0
                ]
            },
            "type": 14
        },
        {
            "pose": {
                "position": [
                    -0.07263517379760742,
                    0.0,
                    -6.892829418182373
                ],
                "rotation": [
                    -4.371138828673793e-08,
                    0.0,
                    1.0,
                    -0.0
                ],
                "scale": [
                    1.0,
                    1.0,
                    1.0
                ]
            },
            "type": 9
        },
        {
            "pose": {
                "position": [
                    -0.07874822616577148,
                    0.0,
                    8.556697845458984
                ],
                "rotation": [
                    1.0,
                    0.0,
                    0.0,
                    0.0
                ],
                "scale": [
                    1.0,
                    1.0,
                    1.0
                ]
            },
            "type": 26
        }
    ],
    "paused": false,
    "rules": {
        "exitIfGiveWayLineIgnored": false,
        "exitIfLeftArrowIgnored": false,
        "exitIfNotOnTrack": true,
        "exitIfOnEndItem": true,
        "exitIfRightArrowIgnored": false,
        "exitIfSpeedLimitExceeded": true,
        "exitIfStopLineIgnored": false,
        "exitOnObstacleCollision": false
    },
    "tracks": {
        "centerLineInterrupt": 0.20000000298023224,
        "centerLineLength": 0.20000000298023224,
        "controlPoints": [
            {
                "coords": [
                    0.11733052134513855,
                    -9.383199691772461
                ]
            },
            {
                "coords": [
                    0.11732970178127289,
                    9.327070236206055
                ]
            }
        ],
        "markingWidth": 0.019999999552965164,
        "trackWidth": 0.800000011920929,
        "tracks": [
            {
                "end": 1,
                "start": 0,
                "type": "line"
            }
        ]
    },
    "version": 3
}